Date,Pageviews
2019-01-01,5551
2019-01-02,8186
2019-01-03,7904
2019-01-04,6869
2019-01-05,6559
2019-01-06,6675
2019-01-07,8013
2019-01-08,7835
2019-01-09,7670
2019-01-10,7686
2019-01-11,7321
2019-01-12,6370
2019-01-13,6639
2019-01-14,6970
2019-01-15,7039
2019-01-16,6600
2019-01-17,6788
2019-01-18,9558
2019-01-19,7477
2019-01-20,6499
2019-01-21,6513
2019-01-22,6708
2019-01-23,6808
2019-01-24,6990
2019-01-25,6080
2019-01-26,5373
2019-01-27,6278
2019-01-28,7287
2019-01-29,7046
2019-01-30,7423
2019-01-31,8036
2019-02-01,7070
2019-02-02,5968
2019-02-03,5967
2019-02-04,6734
2019-02-05,7004
2019-02-06,7123
2019-02-07,6992
2019-02-08,6589
2019-02-09,5868
2019-02-10,6203
2019-02-11,7067
2019-02-12,6884
2019-02-13,7033
2019-02-14,6254
2019-02-15,5708
2019-02-16,5751
2019-02-17,5909
2019-02-18,6186
2019-02-19,6852
2019-02-20,7217
2019-02-21,6643
2019-02-22,6502
2019-02-23,6205
2019-02-24,6126
2019-02-25,7095
2019-02-26,8310
2019-02-27,7221
2019-02-28,7500
2019-03-01,11218
2019-03-02,9175
2019-03-03,8913
2019-03-04,10543
2019-03-05,9009
2019-03-06,9042
2019-03-07,8428
2019-03-08,7831
2019-03-09,7029
2019-03-10,7477
2019-03-11,8775
2019-03-12,7690
2019-03-13,7474
2019-03-14,8275
2019-03-15,13958
2019-03-16,10774
2019-03-17,9479
2019-03-18,9929
2019-03-19,8852
2019-03-20,7814
2019-03-21,7378
2019-03-22,6959
2019-03-23,6385
2019-03-24,6693
2019-03-25,7432
2019-03-26,7077
2019-03-27,7002
2019-03-28,6852
2019-03-29,6158
2019-03-30,5666
2019-03-31,6243
2019-04-01,7359
2019-04-02,7148
2019-04-03,6656
2019-04-04,8829
2019-04-05,7090
2019-04-06,5889
2019-04-07,6515
2019-04-08,7101
2019-04-09,7055
2019-04-10,6469
2019-04-11,6716
2019-04-12,6947
2019-04-13,6075
2019-04-14,6496
2019-04-15,6689
2019-04-16,6675
2019-04-17,7128
2019-04-18,6131
2019-04-19,5708
2019-04-20,6055
2019-04-21,6448
2019-04-22,8220
2019-04-23,9407
2019-04-24,9150
2019-04-25,9578
2019-04-26,7658
2019-04-27,6725
2019-04-28,6788
2019-04-29,6956
2019-04-30,6709
2019-05-01,7136
2019-05-02,7564
2019-05-03,7355
2019-05-04,6129
2019-05-05,6574
2019-05-06,6777
2019-05-07,6558
2019-05-08,7211
2019-05-09,7081
2019-05-10,7223
2019-05-11,6602
2019-05-12,7052
2019-05-13,6983
2019-05-14,6783
2019-05-15,6735
2019-05-16,6840
2019-05-17,6664
2019-05-18,5945
2019-05-19,6099
2019-05-20,7247
2019-05-21,7920
2019-05-22,8295
2019-05-23,7438
2019-05-24,7384
2019-05-25,6043
2019-05-26,6552
2019-05-27,6763
2019-05-28,6896
2019-05-29,7328
2019-05-30,6482
2019-05-31,6176
2019-06-01,5209
2019-06-02,5835
2019-06-03,6750
2019-06-04,6702
2019-06-05,6141
2019-06-06,5922
2019-06-07,5901
2019-06-08,5356
2019-06-09,5364
2019-06-10,5575
2019-06-11,5881
2019-06-12,6955
2019-06-13,6594
2019-06-14,6320
2019-06-15,5770
2019-06-16,7000
2019-06-17,7825
2019-06-18,6562
2019-06-19,6909
2019-06-20,6519
2019-06-21,5625
2019-06-22,5088
2019-06-23,6463
2019-06-24,6794
2019-06-25,8663
2019-06-26,7116
2019-06-27,5984
2019-06-28,6198
2019-06-29,5160
2019-06-30,5850
2019-07-01,5836
2019-07-02,6237
2019-07-03,7601
2019-07-04,6752
2019-07-05,6785
2019-07-06,6098
2019-07-07,7167
2019-07-08,7175
2019-07-09,6281
2019-07-10,7071
2019-07-11,6224
2019-07-12,6758
2019-07-13,5757
2019-07-14,6557
2019-07-15,6480
2019-07-16,6812
2019-07-17,7587
2019-07-18,7507
2019-07-19,6936
2019-07-20,6605
2019-07-21,7001
2019-07-22,7636
2019-07-23,6983
2019-07-24,7558
2019-07-25,10557
2019-07-26,8406
2019-07-27,7533
2019-07-28,7519
2019-07-29,7537
2019-07-30,7249
2019-07-31,6501
2019-08-01,6155
2019-08-02,6144
2019-08-03,5702
2019-08-04,5852
2019-08-05,5839
2019-08-06,5979
2019-08-07,5921
2019-08-08,6172
2019-08-09,5547
2019-08-10,5057
2019-08-11,5833
2019-08-12,6180
2019-08-13,6117
2019-08-14,6105
2019-08-15,5507
2019-08-16,5706
2019-08-17,5570
2019-08-18,6095
2019-08-19,6244
2019-08-20,6722
2019-08-21,6703
2019-08-22,6673
2019-08-23,6201
2019-08-24,5673
2019-08-25,6000
2019-08-26,6284
2019-08-27,6089
2019-08-28,6268
2019-08-29,6286
2019-08-30,6244
2019-08-31,7053
2019-09-01,6091
2019-09-02,5916
2019-09-03,5870
2019-09-04,6287
2019-09-05,6518
2019-09-06,6671
2019-09-07,6128
2019-09-08,6259
2019-09-09,7061
2019-09-10,7874
2019-09-11,7702
2019-09-12,7268
2019-09-13,6918
2019-09-14,6154
2019-09-15,6881
2019-09-16,7170
2019-09-17,8316
2019-09-18,7640
2019-09-19,7623
2019-09-20,6878
2019-09-21,6046
2019-09-22,6791
2019-09-23,7687
2019-09-24,7764
2019-09-25,7521
2019-09-26,7622
2019-09-27,7684
2019-09-28,6600
2019-09-29,7774
2019-09-30,8507
2019-10-01,8014
2019-10-02,8213
2019-10-03,8617
2019-10-04,6930
2019-10-05,6456
2019-10-06,7927
2019-10-07,8674
2019-10-08,7895
2019-10-09,7686
2019-10-10,7490
2019-10-11,7276
2019-10-12,6315
2019-10-13,6822
2019-10-14,7986
2019-10-15,7771
2019-10-16,7847
2019-10-17,7848
2019-10-18,7356
2019-10-19,6425
2019-10-20,7242
2019-10-21,7617
2019-10-22,7578
2019-10-23,8365
2019-10-24,10840
2019-10-25,8928
2019-10-26,7183
2019-10-27,7693
2019-10-28,7931
2019-10-29,8286
2019-10-30,8807
2019-10-31,7671
2019-11-01,6474
2019-11-02,6627
2019-11-03,7497
2019-11-04,8061
2019-11-05,7754
2019-11-06,7825
2019-11-07,7855
2019-11-08,6993
2019-11-09,6022
2019-11-10,6564
2019-11-11,7276
2019-11-12,7980
2019-11-13,13072
2019-11-14,10329
2019-11-15,6937
2019-11-16,6012
2019-11-17,6607
2019-11-18,8123
2019-11-19,7989
2019-11-20,7774
2019-11-21,8708
2019-11-22,24806
2019-11-23,22629
2019-11-24,26187
2019-11-25,28231
2019-11-26,19846
2019-11-27,16533
2019-11-28,14028
2019-11-29,11772
2019-11-30,10764
2019-12-01,11114
2019-12-02,11165
2019-12-03,10815
2019-12-04,10956
2019-12-05,10652
2019-12-06,9332
2019-12-07,9654
2019-12-08,9397
2019-12-09,9531
2019-12-10,9241
2019-12-11,8798
2019-12-12,8647
2019-12-13,7975
2019-12-14,6967
2019-12-15,7201
2019-12-16,7797
2019-12-17,7648
2019-12-18,7600
2019-12-19,7167
2019-12-20,7042
2019-12-21,6237
2019-12-22,7903
2019-12-23,8495
2019-12-24,7866
2019-12-25,6967
2019-12-26,7539
2019-12-27,8279
2019-12-28,7826
2019-12-29,7787
2019-12-30,9128
2019-12-31,7348
2020-01-01,7010
2020-01-02,8942
2020-01-03,10138
2020-01-04,8801
2020-01-05,8731
2020-01-06,8576
2020-01-07,10650
2020-01-08,11062
2020-01-09,13823
2020-01-10,10480
2020-01-11,8483
2020-01-12,8368
2020-01-13,10339
2020-01-14,11451
2020-01-15,10153
2020-01-16,9477
2020-01-17,8729
2020-01-18,7435
2020-01-19,12391
2020-01-20,10562
2020-01-21,9917
2020-01-22,12546
2020-01-23,13959
2020-01-24,10348
2020-01-25,8103
2020-01-26,7917
2020-01-27,8248
2020-01-28,8293
2020-01-29,9716
2020-01-30,13463
2020-01-31,9963
2020-02-01,8285
2020-02-02,8538
2020-02-03,11521
2020-02-04,19823
2020-02-05,16947
2020-02-06,12910
2020-02-07,10055
2020-02-08,8343
2020-02-09,8925
2020-02-10,10201
2020-02-11,10348
2020-02-12,9644
2020-02-13,9833
2020-02-14,8190
2020-02-15,8000
2020-02-16,8603
2020-02-17,9023
2020-02-18,9541
2020-02-19,10129
2020-02-20,10746
2020-02-21,8926
2020-02-22,7956
2020-02-23,8370
2020-02-24,9610
2020-02-25,8567
2020-02-26,8388
2020-02-27,7873
2020-02-28,7855
2020-02-29,6673
2020-03-01,6889
2020-03-02,7367
2020-03-03,7646
2020-03-04,7492
2020-03-05,7504
2020-03-06,7386
2020-03-07,6695
2020-03-08,6382
2020-03-09,7715
2020-03-10,9192
2020-03-11,7885
2020-03-12,6883
2020-03-13,5737
2020-03-14,5418
2020-03-15,5544
2020-03-16,5784
2020-03-17,5837
2020-03-18,6605
2020-03-19,6169
2020-03-20,5687
2020-03-21,5257
2020-03-22,5645
2020-03-23,5699
2020-03-24,6074
2020-03-25,6461
2020-03-26,6344
2020-03-27,6216
2020-03-28,6226
2020-03-29,6764
2020-03-30,6354
2020-03-31,6380
2020-04-01,6670
2020-04-02,7278
2020-04-03,7284
2020-04-04,6585
2020-04-05,6801
2020-04-06,6686
2020-04-07,5926
2020-04-08,6710
2020-04-09,6348
2020-04-10,6590
2020-04-11,5931
2020-04-12,5996
2020-04-13,6446
2020-04-14,6671
2020-04-15,6870
2020-04-16,7191
2020-04-17,6944
2020-04-18,7555
2020-04-19,7156
2020-04-20,8006
2020-04-21,7275
2020-04-22,7141
2020-04-23,7000
2020-04-24,6823
2020-04-25,7079
2020-04-26,7005
2020-04-27,7508
2020-04-28,8167
2020-04-29,9788
2020-04-30,11789
2020-05-01,12436
2020-05-02,15870
2020-05-03,11609
2020-05-04,9494
2020-05-05,18142
2020-05-06,24864
2020-05-07,21653
2020-05-08,17790
2020-05-09,16753
2020-05-10,19757
2020-05-11,16301
2020-05-12,24619
2020-05-13,20454
2020-05-14,15186
2020-05-15,11172
2020-05-16,9902
2020-05-17,9830
2020-05-18,13226
2020-05-19,9012
2020-05-20,8813
2020-05-21,11345
2020-05-22,8595
2020-05-23,8275
2020-05-24,8464
2020-05-25,9840
2020-05-26,11522
2020-05-27,21241
2020-05-28,13687
2020-05-29,11717
2020-05-30,26870
2020-05-31,30564
2020-06-01,16745
2020-06-02,12072
2020-06-03,10622
2020-06-04,10186
2020-06-05,10330
2020-06-06,9811
2020-06-07,9818
2020-06-08,9744
2020-06-09,10125
2020-06-10,11642
2020-06-11,11612
2020-06-12,9411
2020-06-13,8748
2020-06-14,12076
2020-06-15,8980
2020-06-16,8446
2020-06-17,8806
2020-06-18,8488
2020-06-19,7898
2020-06-20,7770
2020-06-21,7658
2020-06-22,7626
2020-06-23,7011
2020-06-24,6806
2020-06-25,7030
2020-06-26,7197
2020-06-27,7284
2020-06-28,9127
2020-06-29,8127
2020-06-30,8055
2020-07-01,11293
2020-07-02,16243
2020-07-03,11420
2020-07-04,8625
2020-07-05,11087
2020-07-06,12114
2020-07-07,11317
2020-07-08,9334
2020-07-09,9174
2020-07-10,10721
2020-07-11,12434
2020-07-12,11377
2020-07-13,13516
2020-07-14,11612
2020-07-15,10320
2020-07-16,9443
2020-07-17,8564
2020-07-18,8100
2020-07-19,8227
2020-07-20,8690
2020-07-21,10207
2020-07-22,13000
2020-07-23,18762
2020-07-24,10393
2020-07-25,11306
2020-07-26,10484
2020-07-27,10097
2020-07-28,9642
2020-07-29,9306
2020-07-30,8777
2020-07-31,7409
2020-08-01,7225
2020-08-02,10357
2020-08-03,10079
2020-08-04,8289
2020-08-05,7979
2020-08-06,7488
2020-08-07,7419
2020-08-08,7501
2020-08-09,7492
2020-08-10,7215
2020-08-11,7427
2020-08-12,8302
2020-08-13,7901
2020-08-14,7475
2020-08-15,6557
2020-08-16,7367
2020-08-17,9113
2020-08-18,11162
2020-08-19,10545
2020-08-20,10573
2020-08-21,10700
2020-08-22,9557
2020-08-23,8770
2020-08-24,10755
2020-08-25,10694
2020-08-26,9521
2020-08-27,10841
2020-08-28,10314
2020-08-29,10442
2020-08-30,10097
2020-08-31,13317
2020-09-01,15152
2020-09-02,13535
2020-09-03,11882
2020-09-04,10238
2020-09-05,9155
2020-09-06,8886
2020-09-07,8925
2020-09-08,11439
2020-09-09,12057
2020-09-10,10693
2020-09-11,9929
2020-09-12,8601
2020-09-13,8219
2020-09-14,8828
2020-09-15,9250
2020-09-16,8495
2020-09-17,8522
2020-09-18,8493
2020-09-19,7535
2020-09-20,7967
2020-09-21,10233
2020-09-22,13009
2020-09-23,13882
2020-09-24,10523
2020-09-25,8647
2020-09-26,8050
2020-09-27,8669
2020-09-28,8808
2020-09-29,9073
2020-09-30,8158
2020-10-01,7555
2020-10-02,8573
2020-10-03,7654
2020-10-04,7797
2020-10-05,7858
2020-10-06,7603
2020-10-07,9062
2020-10-08,8193
2020-10-09,7448
2020-10-10,6750
2020-10-11,7734
2020-10-12,9423
2020-10-13,7906
2020-10-14,8141
2020-10-15,9123
2020-10-16,7591
2020-10-17,6685
2020-10-18,7822
2020-10-19,8207
2020-10-20,7815
2020-10-21,8284
2020-10-22,9318
2020-10-23,7598
2020-10-24,7268
2020-10-25,7730
2020-10-26,8078
2020-10-27,7763
2020-10-28,7660
2020-10-29,7263
2020-10-30,7107
2020-10-31,6522
2020-11-01,6767
2020-11-02,7690
2020-11-03,7632
2020-11-04,6134
2020-11-05,6514
2020-11-06,7057
2020-11-07,6615
2020-11-08,6714
2020-11-09,8194
2020-11-10,7252
2020-11-11,7197
2020-11-12,7610
2020-11-13,8172
2020-11-14,7072
2020-11-15,8065
2020-11-16,11072
2020-11-17,13525
2020-11-18,12096
2020-11-19,11323
2020-11-20,9487
2020-11-21,8385
2020-11-22,8900
2020-11-23,9474
2020-11-24,23032
2020-11-25,20600
2020-11-26,13152
2020-11-27,11271
2020-11-28,10597
2020-11-29,9944
2020-11-30,10494
2020-12-01,10678
2020-12-02,10607
2020-12-03,10299
2020-12-04,9384
2020-12-05,8611
2020-12-06,8861
2020-12-07,9519
2020-12-08,11448
2020-12-09,12960
2020-12-10,12010
2020-12-11,10050
2020-12-12,9543
2020-12-13,9842
2020-12-14,10290
2020-12-15,9898
2020-12-16,9325
2020-12-17,9298
2020-12-18,9670
2020-12-19,9609
2020-12-20,10134
2020-12-21,10992
2020-12-22,10700
2020-12-23,13650
2020-12-24,10400
2020-12-25,9101
2020-12-26,9759
2020-12-27,10178
2020-12-28,12617
2020-12-29,12673
2020-12-30,11932
2020-12-31,11048
2021-01-01,10392
2021-01-02,12527
2021-01-03,14480
2021-01-04,14115
2021-01-05,13587
2021-01-06,12751
2021-01-07,40655
2021-01-08,64512
2021-01-09,41287
2021-01-10,31481
2021-01-11,28201
2021-01-12,29399
2021-01-13,32051
2021-01-14,28150
2021-01-15,21552
2021-01-16,18768
2021-01-17,17924
2021-01-18,16780
2021-01-19,15459
2021-01-20,15426
2021-01-21,14942
2021-01-22,15170
2021-01-23,14633
2021-01-24,15412
2021-01-25,14918
2021-01-26,14534
2021-01-27,16446
2021-01-28,19541
2021-01-29,18215
2021-01-30,15317
2021-01-31,14263
2021-02-01,15099
2021-02-02,17693
2021-02-03,17173
2021-02-04,14996
2021-02-05,13352
2021-02-06,16810
2021-02-07,20796
2021-02-08,21906
2021-02-09,22224
2021-02-10,18609
2021-02-11,17517
2021-02-12,16587
2021-02-13,14317
2021-02-14,14164
2021-02-15,14583
2021-02-16,13877
2021-02-17,14256
2021-02-18,13547
2021-02-19,13019
2021-02-20,12252
2021-02-21,12280
2021-02-22,13288
2021-02-23,15269
2021-02-24,14712
2021-02-25,13487
2021-02-26,13345
2021-02-27,10915
2021-02-28,11173
2021-03-01,10859
2021-03-02,11452
2021-03-03,11775
2021-03-04,12434
2021-03-05,11898
2021-03-06,10932
2021-03-07,10661
2021-03-08,11935
2021-03-09,12218
2021-03-10,11676
2021-03-11,10854
2021-03-12,10158
2021-03-13,10917
2021-03-14,9795
2021-03-15,12843
2021-03-16,12555
2021-03-17,11146
2021-03-18,10591
2021-03-19,9724
2021-03-20,9749
2021-03-21,10536
2021-03-22,11093
2021-03-23,10198
2021-03-24,11343
2021-03-25,10693
2021-03-26,9774
2021-03-27,8916
2021-03-28,9062
2021-03-29,9149
2021-03-30,9673
2021-03-31,9500
2021-04-01,9378
2021-04-02,9798
2021-04-03,9428
2021-04-04,9155
2021-04-05,10396
2021-04-06,10257
2021-04-07,10368
2021-04-08,9933
2021-04-09,9688
2021-04-10,8838
2021-04-11,9019
2021-04-12,9683
2021-04-13,9823
2021-04-14,9484
2021-04-15,8722
2021-04-16,9180
2021-04-17,8981
2021-04-18,9207
2021-04-19,10994
2021-04-20,10164
2021-04-21,9551
2021-04-22,9696
2021-04-23,9972
2021-04-24,9306
2021-04-25,10442
2021-04-26,11425
2021-04-27,12315
2021-04-28,10521
2021-04-29,9792
2021-04-30,8799
2021-05-01,8005
2021-05-02,8925
2021-05-03,10034
2021-05-04,10026
2021-05-05,9711
2021-05-06,11664
2021-05-07,10868
2021-05-08,10669
2021-05-09,19358
2021-05-10,15857
2021-05-11,13932
2021-05-12,11878
2021-05-13,14873
2021-05-14,11497
2021-05-15,9972
2021-05-16,11400
2021-05-17,15345
2021-05-18,11582
2021-05-19,11607
2021-05-20,11140
2021-05-21,9374
2021-05-22,8736
2021-05-23,8896
2021-05-24,9188
2021-05-25,9151
2021-05-26,8433
2021-05-27,8805
2021-05-28,8305
2021-05-29,7753
2021-05-30,8296
2021-05-31,8467
2021-06-01,8033
2021-06-02,8238
2021-06-03,8951
2021-06-04,8155
2021-06-05,8429
2021-06-06,11447
2021-06-07,10698
2021-06-08,8443
2021-06-09,8415
2021-06-10,8084
2021-06-11,8278
2021-06-12,7186
2021-06-13,7448
2021-06-14,8149
2021-06-15,7215
2021-06-16,7113
2021-06-17,6971
2021-06-18,6448
2021-06-19,6349
2021-06-20,6767
2021-06-21,6676
2021-06-22,6856
2021-06-23,6412
2021-06-24,6760
2021-06-25,6514
2021-06-26,6216
2021-06-27,6688
2021-06-28,7727
2021-06-29,7065
2021-06-30,6794
2021-07-01,7900
2021-07-02,7764
2021-07-03,7044
2021-07-04,7091
2021-07-05,7652
2021-07-06,8106
2021-07-07,7713
2021-07-08,7280
2021-07-09,7538
2021-07-10,7697
2021-07-11,7667
2021-07-12,8719
2021-07-13,9131
2021-07-14,8096
2021-07-15,7727
2021-07-16,7818
2021-07-17,7552
2021-07-18,7865
2021-07-19,8080
2021-07-20,8746
2021-07-21,8570
2021-07-22,8199
2021-07-23,7908
2021-07-24,7685
2021-07-25,8047
2021-07-26,9389
2021-07-27,10571
2021-07-28,7987
2021-07-29,8190
2021-07-30,7761
2021-07-31,7963
2021-08-01,7114
2021-08-02,7691
2021-08-03,7680
2021-08-04,7170
2021-08-05,7287
2021-08-06,7061
2021-08-07,6740
2021-08-08,7352
2021-08-09,8049
2021-08-10,7746
2021-08-11,6906
2021-08-12,7156
2021-08-13,6815
2021-08-14,6419
2021-08-15,6883
2021-08-16,8422
2021-08-17,8638
2021-08-18,8541
2021-08-19,8329
2021-08-20,10060
2021-08-21,8815
2021-08-22,8393
2021-08-23,8855
2021-08-24,8383
2021-08-25,7783
2021-08-26,7368
2021-08-27,7143
2021-08-28,6874
2021-08-29,7213
2021-08-30,7511
2021-08-31,7255
2021-09-01,7254
2021-09-02,7356
2021-09-03,6747
2021-09-04,6639
2021-09-05,6928
2021-09-06,7086
2021-09-07,7541
2021-09-08,7821
2021-09-09,7933
2021-09-10,7351
2021-09-11,6823
2021-09-12,7520
2021-09-13,7581
2021-09-14,7598
2021-09-15,7624
2021-09-16,8247
2021-09-17,7663
2021-09-18,7235
2021-09-19,7505
2021-09-20,7728
2021-09-21,7391
2021-09-22,7547
2021-09-23,7583
2021-09-24,8607
2021-09-25,8646
2021-09-26,8208
2021-09-27,8520
2021-09-28,8727
2021-09-29,8476
2021-09-30,8702
2021-10-01,7576
2021-10-02,7510
2021-10-03,7925
2021-10-04,9099
2021-10-05,8673
2021-10-06,7939
2021-10-07,8488
2021-10-08,11947
2021-10-09,8805
2021-10-10,8549
2021-10-11,8981
2021-10-12,9496
2021-10-13,9079
2021-10-14,8736
2021-10-15,8209
2021-10-16,7428
2021-10-17,8213
2021-10-18,9510
2021-10-19,8943
2021-10-20,9180
2021-10-21,10450
2021-10-22,9135
2021-10-23,8633
2021-10-24,8458
2021-10-25,15830
2021-10-26,24264
2021-10-27,19598
2021-10-28,16986
2021-10-29,14605
2021-10-30,12724
2021-10-31,12269
2021-11-01,16560
2021-11-02,18222
2021-11-03,14263
2021-11-04,12996
2021-11-05,11278
2021-11-06,11061
2021-11-07,14324
2021-11-08,34652
2021-11-09,17715
2021-11-10,15852
2021-11-11,17178
2021-11-12,12995
2021-11-13,13334
2021-11-14,13561
2021-11-15,16283
2021-11-16,13753
2021-11-17,12517
2021-11-18,11415
2021-11-19,10361
2021-11-20,9725
2021-11-21,10800
2021-11-22,11140
2021-11-23,10651
2021-11-24,10645
2021-11-25,9308
2021-11-26,8953
2021-11-27,8384
2021-11-28,9648
2021-11-29,10583
2021-11-30,10312
2021-12-01,10194
2021-12-02,12013
2021-12-03,10853
2021-12-04,8676
2021-12-05,8862
2021-12-06,10325
2021-12-07,11158
2021-12-08,10400
2021-12-09,9627
2021-12-10,8990
2021-12-11,8532
2021-12-12,8358
2021-12-13,10620
2021-12-14,11916
2021-12-15,15469
2021-12-16,10996
2021-12-17,9395
2021-12-18,27223
2021-12-19,9688
2021-12-20,11780
2021-12-21,10615
2021-12-22,10932
2021-12-23,13467
2021-12-24,9937
2021-12-25,8984
2021-12-26,10087
2021-12-27,9747
2021-12-28,9656
2021-12-29,9866
2021-12-30,10874
2021-12-31,9316
2022-01-01,8425
2022-01-02,10524
2022-01-03,12768
2022-01-04,12785
2022-01-05,11357
2022-01-06,10798
2022-01-07,10062
2022-01-08,9105
2022-01-09,9154
2022-01-10,9488
2022-01-11,9349
2022-01-12,8973
2022-01-13,8950
2022-01-14,8955
2022-01-15,8026
2022-01-16,8663
2022-01-17,9959
2022-01-18,9873
2022-01-19,9362
2022-01-20,8949
2022-01-21,8446
2022-01-22,7497
2022-01-23,7569
2022-01-24,9161
2022-01-25,9234
2022-01-26,10207
2022-01-27,11765
2022-01-28,10867
2022-01-29,9149
2022-01-30,8493
2022-01-31,10324
2022-02-01,9662
2022-02-02,9105
2022-02-03,9629
2022-02-04,8618
2022-02-05,8046
2022-02-06,8464
2022-02-07,9264
2022-02-08,9752
2022-02-09,9401
2022-02-10,8917
2022-02-11,8672
2022-02-12,8114
2022-02-13,7615
2022-02-14,7750
2022-02-15,8151
2022-02-16,8174
2022-02-17,8268
2022-02-18,8613
2022-02-19,8048
2022-02-20,7688
2022-02-21,7928
2022-02-22,8726
2022-02-23,8135
2022-02-24,7484
2022-02-25,6240
2022-02-26,5550
2022-02-27,7260
2022-02-28,7509
2022-03-01,7305
2022-03-02,7604
2022-03-03,7540
2022-03-04,6685
2022-03-05,7226
2022-03-06,7242
2022-03-07,7902
2022-03-08,8233
2022-03-09,8022
2022-03-10,8975
2022-03-11,8981
2022-03-12,7390
2022-03-13,7900
2022-03-14,9409
2022-03-15,9860
2022-03-16,8986
2022-03-17,9578
2022-03-18,7466
2022-03-19,7154
2022-03-20,7967
2022-03-21,8657
2022-03-22,10082
2022-03-23,10339
2022-03-24,9580
2022-03-25,8756
2022-03-26,7415
2022-03-27,7749
2022-03-28,8584
2022-03-29,8240
2022-03-30,7880
2022-03-31,7474
2022-04-01,6916
2022-04-02,6856
2022-04-03,8166
2022-04-04,15116
2022-04-05,13520
2022-04-06,11970
2022-04-07,10336
2022-04-08,11818
2022-04-09,12360
2022-04-10,12556
2022-04-11,20818
2022-04-12,13500
2022-04-13,10542
2022-04-14,24961
2022-04-15,27753
2022-04-16,19583
2022-04-17,15362
2022-04-18,16433
2022-04-19,14773
2022-04-20,13732
2022-04-21,18050
2022-04-22,14010
2022-04-23,12525
2022-04-24,13485
2022-04-25,32430
2022-04-26,51453
2022-04-27,34818
2022-04-28,29946
2022-04-29,24888
2022-04-30,19161
2022-05-01,17921
2022-05-02,16942
2022-05-03,16079
2022-05-04,15312
2022-05-05,13437
2022-05-06,12817
2022-05-07,10970
2022-05-08,10934
2022-05-09,11710
2022-05-10,11346
2022-05-11,12199
2022-05-12,15630
2022-05-13,11942
2022-05-14,9955
2022-05-15,10244
2022-05-16,10784
2022-05-17,12033
2022-05-18,11960
2022-05-19,11352
2022-05-20,12465
2022-05-21,11153
2022-05-22,10073
2022-05-23,9841
2022-05-24,9389
2022-05-25,8855
2022-05-26,8165
2022-05-27,8055
2022-05-28,7692
2022-05-29,7475
2022-05-30,7894
2022-05-31,8058
2022-06-01,9750
2022-06-02,10288
2022-06-03,11840
2022-06-04,9513
2022-06-05,8568
2022-06-06,8991
2022-06-07,7919
2022-06-08,7633
2022-06-09,7370
2022-06-10,7080
2022-06-11,6304
2022-06-12,6680
2022-06-13,7589
2022-06-14,7349
2022-06-15,7792
2022-06-16,7869
2022-06-17,7476
2022-06-18,6839
2022-06-19,6778
2022-06-20,7091
2022-06-21,8768
2022-06-22,7798
2022-06-23,7226
2022-06-24,6256
2022-06-25,5677
2022-06-26,6090
2022-06-27,6214
2022-06-28,6383
2022-06-29,6260
2022-06-30,5637
2022-07-01,5356
2022-07-02,5252
2022-07-03,5798
2022-07-04,5793
2022-07-05,5525
2022-07-06,5937
2022-07-07,8013
2022-07-08,6881
2022-07-09,8332
2022-07-10,7784
2022-07-11,7646
2022-07-12,6984
2022-07-13,7460
2022-07-14,7040
2022-07-15,6951
2022-07-16,6217
2022-07-17,6001
2022-07-18,6429
2022-07-19,6792
2022-07-20,7344
2022-07-21,8442
2022-07-22,7158
2022-07-23,6112
2022-07-24,6581
2022-07-25,7677
2022-07-26,6973
2022-07-27,6174
2022-07-28,6102
2022-07-29,5761
2022-07-30,5590
2022-07-31,5818
2022-08-01,6287
2022-08-02,6317
2022-08-03,5788
2022-08-04,6261
2022-08-05,6588
2022-08-06,5842
2022-08-07,6010
2022-08-08,6105
2022-08-09,5932
2022-08-10,7505
2022-08-11,6224
2022-08-12,5815
2022-08-13,5417
2022-08-14,5926
2022-08-15,6364
2022-08-16,6164
2022-08-17,7595
2022-08-18,6587
2022-08-19,5845
2022-08-20,5500
2022-08-21,5580
2022-08-22,6159
2022-08-23,6642
2022-08-24,6383
2022-08-25,6955
2022-08-26,6348
2022-08-27,5598
2022-08-28,5906
2022-08-29,6698
2022-08-30,7170
2022-08-31,6942
2022-09-01,6542
2022-09-02,5635
2022-09-03,4995
2022-09-04,5365
2022-09-05,6280
2022-09-06,6255
2022-09-07,6188
2022-09-08,6017
2022-09-09,5914
2022-09-10,5501
2022-09-11,5742
2022-09-12,6287
2022-09-13,6226
2022-09-14,6848
2022-09-15,6536
2022-09-16,6693
2022-09-17,6044
2022-09-18,5974
2022-09-19,7073
2022-09-20,6769
2022-09-21,7009
2022-09-22,8030
2022-09-23,7264
2022-09-24,6358
2022-09-25,6415
2022-09-26,7090
2022-09-27,6971
2022-09-28,6852
2022-09-29,7129
2022-09-30,6797
2022-10-01,6957
2022-10-02,7186
2022-10-03,8369
2022-10-04,9089
2022-10-05,8854
2022-10-06,7731
2022-10-07,7745
2022-10-08,6584
2022-10-09,6918
2022-10-10,7597
2022-10-11,7766
2022-10-12,8847
2022-10-13,8242
2022-10-14,8056
2022-10-15,7154
2022-10-16,7167
2022-10-17,7353
2022-10-18,7573
2022-10-19,8676
2022-10-20,10403
2022-10-21,8495
2022-10-22,8282
2022-10-23,7338
2022-10-24,7459
2022-10-25,8124
2022-10-26,9033
2022-10-27,9919
2022-10-28,23522
2022-10-29,16018
2022-10-30,13711
2022-10-31,14096
2022-11-01,13504
2022-11-02,12529
2022-11-03,13674
2022-11-04,15462
2022-11-05,15278
2022-11-06,12506
2022-11-07,15358
2022-11-08,15373
2022-11-09,14076
2022-11-10,13129
2022-11-11,15460
2022-11-12,16574
2022-11-13,16278
2022-11-14,14220
2022-11-15,13501
2022-11-16,13418
2022-11-17,12085
2022-11-18,24822
2022-11-19,17298
2022-11-20,15567
2022-11-21,15541
2022-11-22,14415
2022-11-23,13649
2022-11-24,23326
2022-11-25,18533
2022-11-26,25946
2022-11-27,25596
2022-11-28,17795
2022-11-29,16219
2022-11-30,12909
2022-12-01,12065
2022-12-02,11497
2022-12-03,10716
2022-12-04,9398
2022-12-05,8938
2022-12-06,8291
2022-12-07,8457
2022-12-08,8788
2022-12-09,7741
2022-12-10,6801
2022-12-11,7638
2022-12-12,9323
2022-12-13,10109
2022-12-14,9797
2022-12-15,11130
2022-12-16,10983
2022-12-17,9511
2022-12-18,8438
2022-12-19,12255
2022-12-20,10042
2022-12-21,11024
2022-12-22,9109
2022-12-23,8348
2022-12-24,7231
2022-12-25,6843
2022-12-26,7464
2022-12-27,9411
2022-12-28,10748
2022-12-29,9244
2022-12-30,8411
2022-12-31,7070
2023-01-01,6914
2023-01-02,8263
2023-01-03,11352
2023-01-04,10117
2023-01-05,7916
2023-01-06,7653
2023-01-07,6983
2023-01-08,7043
2023-01-09,7217
2023-01-10,7623
2023-01-11,7591
2023-01-12,7376
2023-01-13,9641
2023-01-14,8729
2023-01-15,8241
2023-01-16,7976
2023-01-17,8949
2023-01-18,8500
2023-01-19,7966
2023-01-20,7614
2023-01-21,8075
2023-01-22,9433
2023-01-23,9002
2023-01-24,8263
2023-01-25,8540
2023-01-26,9611
2023-01-27,8168
2023-01-28,7356
2023-01-29,7126
2023-01-30,7723
2023-01-31,7777
2023-02-01,7933
2023-02-02,8444
2023-02-03,8313
2023-02-04,8475
2023-02-05,8007
2023-02-06,8544
2023-02-07,7303
2023-02-08,7474
2023-02-09,7754
2023-02-10,7883
2023-02-11,6190
2023-02-12,6143
2023-02-13,7104
2023-02-14,6746
2023-02-15,7240
2023-02-16,7543
2023-02-17,13305
2023-02-18,9343
2023-02-19,8053
2023-02-20,7660
2023-02-21,7377
2023-02-22,7326
2023-02-23,8666
2023-02-24,7184
2023-02-25,6661
2023-02-26,6621
2023-02-27,7387
2023-02-28,9263
2023-03-01,9890
2023-03-02,10082
2023-03-03,9640
2023-03-04,8383
2023-03-05,8284
2023-03-06,9326
2023-03-07,9688
2023-03-08,8782
2023-03-09,7557
2023-03-10,7503
2023-03-11,6665
2023-03-12,6485
2023-03-13,6637
2023-03-14,6612
2023-03-15,6558
2023-03-16,6353
2023-03-17,6311
2023-03-18,5569
2023-03-19,6028
2023-03-20,6380
2023-03-21,6453
2023-03-22,6021
2023-03-23,6214
2023-03-24,6615
2023-03-25,6409
2023-03-26,6876
2023-03-27,7841
2023-03-28,7566
2023-03-29,7101
2023-03-30,8134
2023-03-31,6560
2023-04-01,6116
2023-04-02,6959
2023-04-03,7825
2023-04-04,7527
2023-04-05,5948
2023-04-06,6045
2023-04-07,6459
2023-04-08,6404
2023-04-09,6234
2023-04-10,6893
2023-04-11,6726
2023-04-12,7235
2023-04-13,6917
2023-04-14,6292
2023-04-15,5822
2023-04-16,6211
2023-04-17,6850
2023-04-18,7194
2023-04-19,8955
2023-04-20,11589
2023-04-21,10415
2023-04-22,8824
2023-04-23,8273
2023-04-24,8333
2023-04-25,7724
2023-04-26,7689
2023-04-27,7210
2023-04-28,7033
2023-04-29,10123
2023-04-30,7979
2023-05-01,7314
2023-05-02,7454
2023-05-03,7180
2023-05-04,7278
2023-05-05,6967
2023-05-06,6764
2023-05-07,7309
2023-05-08,7515
2023-05-09,7500
2023-05-10,7437
2023-05-11,7369
2023-05-12,8297
2023-05-13,6860
2023-05-14,6939
2023-05-15,7279
2023-05-16,7977
2023-05-17,8921
2023-05-18,8123
2023-05-19,7640
2023-05-20,6910
2023-05-21,7408
2023-05-22,7421
2023-05-23,7531
2023-05-24,7302
2023-05-25,7538
2023-05-26,8839
2023-05-27,6755
2023-05-28,6476
2023-05-29,6853
2023-05-30,7299
2023-05-31,7275
2023-06-01,7866
2023-06-02,8157
2023-06-03,7361
2023-06-04,7444
2023-06-05,7568
2023-06-06,7308
2023-06-07,7921
2023-06-08,8166
2023-06-09,7956
2023-06-10,6675
2023-06-11,6474
2023-06-12,7549
2023-06-13,8307
2023-06-14,7341
2023-06-15,7148
2023-06-16,6755
2023-06-17,7650
2023-06-18,7144
2023-06-19,6741
2023-06-20,6953
2023-06-21,10159
2023-06-22,8400
2023-06-23,7901
2023-06-24,6546
2023-06-25,6787
2023-06-26,7124
2023-06-27,6784
2023-06-28,7460
2023-06-29,6387
2023-06-30,6355
2023-07-01,6894
2023-07-02,8697
2023-07-03,8813
2023-07-04,7836
2023-07-05,7102
2023-07-06,7420
2023-07-07,7899
2023-07-08,7527
2023-07-09,7777
2023-07-10,7817
2023-07-11,7629
2023-07-12,7785
2023-07-13,8713
2023-07-14,19286
2023-07-15,13154
2023-07-16,8685
2023-07-17,8364
2023-07-18,8690
2023-07-19,9072
2023-07-20,9702
2023-07-21,8132
2023-07-22,7633
2023-07-23,8803
2023-07-24,15850
2023-07-25,12960
2023-07-26,10231
2023-07-27,10357
2023-07-28,9845
2023-07-29,10026
2023-07-30,10792
2023-07-31,11005
2023-08-01,10722
2023-08-02,10173
2023-08-03,11664
2023-08-04,14450
2023-08-05,9672
2023-08-06,8309
2023-08-07,9907
2023-08-08,10266
2023-08-09,9297
2023-08-10,8255
2023-08-11,7644
2023-08-12,7313
2023-08-13,7173
2023-08-14,7447
2023-08-15,7981
2023-08-16,8295
2023-08-17,8555
2023-08-18,8646
2023-08-19,8429
2023-08-20,8864
2023-08-21,9690
2023-08-22,8022
2023-08-23,9134
2023-08-24,8825
2023-08-25,7652
2023-08-26,6862
2023-08-27,6946
2023-08-28,6983
2023-08-29,6986
2023-08-30,7849
2023-08-31,8898
2023-09-01,10307
2023-09-02,7756
2023-09-03,7770
2023-09-04,7940
2023-09-05,8727
2023-09-06,11407
2023-09-07,9635
2023-09-08,7766
2023-09-09,6809
2023-09-10,8006
2023-09-11,8496
2023-09-12,8966
2023-09-13,8759
2023-09-14,8596
2023-09-15,8743
2023-09-16,10863
2023-09-17,9161
2023-09-18,9481
2023-09-19,9379
2023-09-20,8761
2023-09-21,8569
2023-09-22,7811
2023-09-23,7358
2023-09-24,7681
2023-09-25,7806
2023-09-26,8434
2023-09-27,9238
2023-09-28,7696
2023-09-29,7943
2023-09-30,8088
2023-10-01,9510
2023-10-02,10981
2023-10-03,9366
2023-10-04,8560
2023-10-05,8805
2023-10-06,10295
2023-10-07,8540
2023-10-08,7067
2023-10-09,7580
2023-10-10,7910
2023-10-11,7816
2023-10-12,7679
2023-10-13,7381
2023-10-14,8132
2023-10-15,8170
2023-10-16,8939
2023-10-17,8850
2023-10-18,9658
2023-10-19,9845
2023-10-20,8945
2023-10-21,7017
2023-10-22,8200
2023-10-23,9282
2023-10-24,8472
2023-10-25,7916
2023-10-26,7845
2023-10-27,7225
2023-10-28,6777
2023-10-29,6807
2023-10-30,7323
2023-10-31,7061
2023-11-01,7916
2023-11-02,7336
2023-11-03,7276
2023-11-04,6761
2023-11-05,6819
2023-11-06,7499
2023-11-07,7345
2023-11-08,7756
2023-11-09,7716
2023-11-10,6900
2023-11-11,6644
2023-11-12,6749
2023-11-13,7405
2023-11-14,7499
2023-11-15,7119
2023-11-16,7029
2023-11-17,7311
2023-11-18,7966
2023-11-19,7973
2023-11-20,8573
2023-11-21,8007
2023-11-22,8385
2023-11-23,7491
2023-11-24,8520
2023-11-25,6913
2023-11-26,7035
2023-11-27,9010
2023-11-28,8135
2023-11-29,7934
2023-11-30,10801
2023-12-01,13601
2023-12-02,12502
2023-12-03,9306
2023-12-04,8653
2023-12-05,8817
2023-12-06,8577
2023-12-07,8062
2023-12-08,8176
2023-12-09,7347
2023-12-10,7724
2023-12-11,8264
2023-12-12,7732
2023-12-13,9778
2023-12-14,9283
2023-12-15,7835
2023-12-16,6788
2023-12-17,7141
2023-12-18,9388
2023-12-19,9069
2023-12-20,8476
2023-12-21,7557
2023-12-22,7131
2023-12-23,7268
2023-12-24,6158
2023-12-25,6081
2023-12-26,6499
2023-12-27,7316
2023-12-28,7792
2023-12-29,10392
2023-12-30,10129
2023-12-31,7762
2024-01-01,6345
2024-01-02,8147
2024-01-03,9462
2024-01-04,7843
2024-01-05,7516
2024-01-06,6929
2024-01-07,7239
2024-01-08,7414
2024-01-09,8563
2024-01-10,9329
2024-01-11,8382
2024-01-12,8237
2024-01-13,7557
2024-01-14,8823
2024-01-15,8491
2024-01-16,10826
2024-01-17,10922
2024-01-18,10268
2024-01-19,9605
2024-01-20,8640
2024-01-21,9236
2024-01-22,10284
2024-01-23,9864
2024-01-24,10559
2024-01-25,10951
2024-01-26,9233
2024-01-27,7886
2024-01-28,7909
2024-01-29,8784
2024-01-30,10158
2024-01-31,15389
2024-02-01,10850
2024-02-02,9372
2024-02-03,7879
2024-02-04,8105
2024-02-05,8344
2024-02-06,7929
2024-02-07,7997
2024-02-08,7874
2024-02-09,6904
2024-02-10,6321
2024-02-11,6690
2024-02-12,7393
2024-02-13,7623
2024-02-14,7024
2024-02-15,7538
2024-02-16,6901
2024-02-17,6055
2024-02-18,6627
2024-02-19,7384
2024-02-20,7472
2024-02-21,7251
2024-02-22,7548
2024-02-23,7502
2024-02-24,6883
2024-02-25,7291
2024-02-26,8231
2024-02-27,9461
2024-02-28,8583
2024-02-29,7656
2024-03-01,7325
2024-03-02,7146
2024-03-03,7381
2024-03-04,8576
2024-03-05,8875
2024-03-06,8884
2024-03-07,8169
2024-03-08,7483
2024-03-09,6922
2024-03-10,7410
2024-03-11,7601
2024-03-12,7556
2024-03-13,7470
2024-03-14,8475
2024-03-15,7691
2024-03-16,7079
2024-03-17,6997
2024-03-18,8220
2024-03-19,7807
2024-03-20,7518
2024-03-21,7616
2024-03-22,7110
2024-03-23,6399
2024-03-24,6483
2024-03-25,6878
2024-03-26,7379
2024-03-27,7269
2024-03-28,6801
2024-03-29,6524
2024-03-30,6294
2024-03-31,6523
2024-04-01,7051
2024-04-02,8233
2024-04-03,8887
2024-04-04,8080
2024-04-05,7844
2024-04-06,6997
2024-04-07,7005
2024-04-08,7256
2024-04-09,7557
2024-04-10,7418
2024-04-11,7963
2024-04-12,7608
2024-04-13,6906
2024-04-14,6857
2024-04-15,11700
2024-04-16,13101
2024-04-17,12792
2024-04-18,10712
2024-04-19,8844
2024-04-20,8935
2024-04-21,9121
2024-04-22,11528
2024-04-23,12118
2024-04-24,11705
2024-04-25,8680
2024-04-26,8407
2024-04-27,7688
2024-04-28,8870
2024-04-29,9240
2024-04-30,9400
2024-05-01,8205
2024-05-02,8953
2024-05-03,8284
2024-05-04,7404
2024-05-05,7172
2024-05-06,7661
2024-05-07,7422
2024-05-08,7571
2024-05-09,7292
2024-05-10,6063
2024-05-11,5529
2024-05-12,5486
2024-05-13,6185
2024-05-14,6133
2024-05-15,6034
2024-05-16,6214
2024-05-17,6135
2024-05-18,5227
2024-05-19,5471
2024-05-20,6429
2024-05-21,6756
2024-05-22,5936
2024-05-23,6090
2024-05-24,5523
2024-05-25,5040
2024-05-26,5534
2024-05-27,6338
2024-05-28,6257
2024-05-29,6220
2024-05-30,6081
2024-05-31,5387
2024-06-01,5155
2024-06-02,5257
2024-06-03,5848
2024-06-04,5654
2024-06-05,5623
2024-06-06,5744
2024-06-07,6230
2024-06-08,5592
2024-06-09,5718
2024-06-10,6245
2024-06-11,6365
2024-06-12,7495
2024-06-13,8207
2024-06-14,9389
2024-06-15,6570
2024-06-16,6063
2024-06-17,6162
2024-06-18,6160
2024-06-19,6174
2024-06-20,5753
2024-06-21,5367
2024-06-22,5126
2024-06-23,5858
2024-06-24,6384
2024-06-25,5950
2024-06-26,6006
2024-06-27,5768
2024-06-28,4910
2024-06-29,4656
2024-06-30,4788
2024-07-01,5286
2024-07-02,5852
2024-07-03,7399
2024-07-04,6472
2024-07-05,5736
2024-07-06,4984
2024-07-07,5133
2024-07-08,5249
2024-07-09,5551
2024-07-10,7099
2024-07-11,5976
2024-07-12,5742
2024-07-13,5573
2024-07-14,5115
2024-07-15,5287
2024-07-16,6343
2024-07-17,6902
2024-07-18,5904
2024-07-19,6251
2024-07-20,6358
2024-07-21,5283
2024-07-22,5715
2024-07-23,6866
2024-07-24,8497
2024-07-25,7599
2024-07-26,6116
2024-07-27,5510
2024-07-28,5442
2024-07-29,5882
2024-07-30,6173
2024-07-31,5733
2024-08-01,4849
2024-08-02,4677
2024-08-03,4798
2024-08-04,4796
2024-08-05,5082
2024-08-06,5402
2024-08-07,5273
2024-08-08,5377
2024-08-09,5103
2024-08-10,4797
2024-08-11,4756
2024-08-12,5390
2024-08-13,7844
2024-08-14,7312
2024-08-15,5304
2024-08-16,5151
2024-08-17,4717
2024-08-18,4850
2024-08-19,5158
2024-08-20,5647
2024-08-21,16125
2024-08-22,8997
2024-08-23,5587
2024-08-24,4971
2024-08-25,5420
2024-08-26,6014
2024-08-27,6032
2024-08-28,5765
2024-08-29,5591
2024-08-30,5507
2024-08-31,4995
2024-09-01,5548
2024-09-02,5904
2024-09-03,6443
2024-09-04,6154
2024-09-05,5811
2024-09-06,5638
2024-09-07,5206
2024-09-08,5399
2024-09-09,6226
2024-09-10,6494
2024-09-11,6297
2024-09-12,6215
2024-09-13,5885
2024-09-14,5149
2024-09-15,5475
2024-09-16,6171
2024-09-17,6414
2024-09-18,6529
2024-09-19,6166
2024-09-20,6172
2024-09-21,5985
2024-09-22,6148
2024-09-23,6247
2024-09-24,6083
2024-09-25,6038
2024-09-26,6288
2024-09-27,5550
2024-09-28,5012
2024-09-29,5192
2024-09-30,5457
2024-10-01,5549
2024-10-02,5679
2024-10-03,5575
2024-10-04,5594
2024-10-05,5219
2024-10-06,6900
2024-10-07,6626
2024-10-08,6626
2024-10-09,6349
2024-10-10,6868
2024-10-11,11514
2024-10-12,8904
2024-10-13,9621
2024-10-14,10444
2024-10-15,9639
2024-10-16,8858
2024-10-17,8183
2024-10-18,7764
2024-10-19,6779
2024-10-20,7355
2024-10-21,8299
2024-10-22,7718
2024-10-23,8210
2024-10-24,9081
2024-10-25,9064
2024-10-26,7289
2024-10-27,7349
2024-10-28,8370
2024-10-29,7581
2024-10-30,7700
2024-10-31,7530
2024-11-01,6884
2024-11-02,7090
2024-11-03,7565
2024-11-04,8401
2024-11-05,9076
2024-11-06,11910
2024-11-07,12558
2024-11-08,13019
2024-11-09,11714
2024-11-10,11458
2024-11-11,11980
2024-11-12,12572
2024-11-13,16512
2024-11-14,13884
2024-11-15,11086
2024-11-16,9186
2024-11-17,10838
2024-11-18,10240
2024-11-19,10417
2024-11-20,12069
2024-11-21,12146
2024-11-22,10624
2024-11-23,9158
2024-11-24,10385
2024-11-25,9937
2024-11-26,9575
2024-11-27,10449
2024-11-28,8683
2024-11-29,9629
2024-11-30,8770
2024-12-01,8672
2024-12-02,9943
2024-12-03,12069
2024-12-04,10817
2024-12-05,8778
2024-12-06,9180
2024-12-07,8880
2024-12-08,7514
2024-12-09,8086
2024-12-10,8467
2024-12-11,9060
2024-12-12,9223
2024-12-13,8539
2024-12-14,7555
2024-12-15,8701
2024-12-16,9491
2024-12-17,8880
2024-12-18,8492
2024-12-19,8556
2024-12-20,9157
2024-12-21,8466
2024-12-22,8187
2024-12-23,8414
2024-12-24,7779
2024-12-25,7490
2024-12-26,8145
2024-12-27,9086
2024-12-28,16465
2024-12-29,12414
2024-12-30,11816
2024-12-31,9712
2025-01-01,9543
2025-01-02,12708
2025-01-03,10335
2025-01-04,8605
2025-01-05,9113
2025-01-06,9974
2025-01-07,10412
2025-01-08,9972
2025-01-09,9409
2025-01-10,9743
2025-01-11,8309
2025-01-12,7895
2025-01-13,8603
2025-01-14,8372
2025-01-15,8372
2025-01-16,8297
2025-01-17,8540
2025-01-18,7506
2025-01-19,7774
2025-01-20,11001
2025-01-21,16321
2025-01-22,15056
2025-01-23,13806
2025-01-24,12015
2025-01-25,9963
2025-01-26,10395
2025-01-27,10227
2025-01-28,9825
2025-01-29,9498
2025-01-30,9418
2025-01-31,9327
2025-02-01,8404
2025-02-02,9063
2025-02-03,10101
2025-02-04,9405
2025-02-05,9634
2025-02-06,11207
2025-02-07,10859
2025-02-08,9369
2025-02-09,9147
2025-02-10,8709
2025-02-11,10510
2025-02-12,11719
2025-02-13,11616
2025-02-14,9841
2025-02-15,10059
2025-02-16,10386
2025-02-17,10044
2025-02-18,11564
2025-02-19,13105
2025-02-20,14122
2025-02-21,10238
2025-02-22,9508
2025-02-23,10659
2025-02-24,11870
2025-02-25,11156
2025-02-26,13269
2025-02-27,12079
2025-02-28,11483
2025-03-01,13280
2025-03-02,13197
2025-03-03,13193
2025-03-04,13212
2025-03-05,12836
2025-03-06,12596
2025-03-07,14117
2025-03-08,11082
2025-03-09,13889
2025-03-10,15632
2025-03-11,23534
2025-03-12,22889
2025-03-13,17207
2025-03-14,13767
2025-03-15,12127
2025-03-16,14549
2025-03-17,17596
2025-03-18,18767
2025-03-19,19191
2025-03-20,20325
2025-03-21,20496
2025-03-22,20518
2025-03-23,16410
2025-03-24,15341
2025-03-25,14011
2025-03-26,13397
2025-03-27,14800
2025-03-28,13275
2025-03-29,10372
2025-03-30,9517
2025-03-31,10919
2025-04-01,10666
2025-04-02,12115
2025-04-03,10170
2025-04-04,8592
2025-04-05,7352
2025-04-06,8019
2025-04-07,8341
2025-04-08,7774
2025-04-09,7125
2025-04-10,6269
2025-04-11,5966
2025-04-12,5044
2025-04-13,5241
2025-04-14,5418
2025-04-15,5126
2025-04-16,5507
2025-04-17,5264
2025-04-18,4899
2025-04-19,4510
2025-04-20,4508
2025-04-21,5144
2025-04-22,6582
2025-04-23,8556
2025-04-24,6220
2025-04-25,5317
2025-04-26,4515
2025-04-27,8042
2025-04-28,5116
2025-04-29,5100
2025-04-30,5015
2025-05-01,10211
2025-05-02,6260
2025-05-03,4704
2025-05-04,4983
2025-05-05,5452
2025-05-06,5697
2025-05-07,4830
2025-05-08,4608
2025-05-09,4383
2025-05-10,10850
2025-05-11,4622
2025-05-12,4800
2025-05-13,5379
2025-05-14,5331
2025-05-15,4736
2025-05-16,4512
2025-05-17,4559
2025-05-18,4529
2025-05-19,5162
2025-05-20,4644
2025-05-21,4980
2025-05-22,4758
2025-05-23,4936
2025-05-24,4395
2025-05-25,4448
2025-05-26,4607
2025-05-27,4957
2025-05-28,4852
2025-05-29,5679
2025-05-30,4979
2025-05-31,4444
2025-06-01,3920
2025-06-02,4227
2025-06-03,4457
2025-06-04,4543
2025-06-05,6691
2025-06-06,10359
2025-06-07,6824
2025-06-08,6141
2025-06-09,6061
2025-06-10,5647
2025-06-11,4977
2025-06-12,4282
2025-06-13,4400
2025-06-14,4727
2025-06-15,5645
2025-06-16,4927
2025-06-17,4620
2025-06-18,4223
2025-06-19,4533
2025-06-20,4423
2025-06-21,3949
2025-06-22,3909
2025-06-23,4436
2025-06-24,4272
2025-06-25,4360
2025-06-26,4541
2025-06-27,3846
2025-06-28,3770
2025-06-29,3880
2025-06-30,3730
2025-07-01,4570
2025-07-02,4497
2025-07-03,3823
2025-07-04,3331
2025-07-05,3349
2025-07-06,4186
2025-07-07,5252
2025-07-08,4691
2025-07-09,4268
2025-07-10,4207
2025-07-11,4231
2025-07-12,3674
2025-07-13,3446
2025-07-14,5078
2025-07-15,8852
2025-07-16,7070
2025-07-17,5644
2025-07-18,5380
2025-07-19,5013
2025-07-20,5387
2025-07-21,5574
2025-07-22,4979
2025-07-23,5473
2025-07-24,5649
2025-07-25,4388
2025-07-26,3766
2025-07-27,3934
2025-07-28,4513
2025-07-29,4652
2025-07-30,4267
2025-07-31,4319
2025-08-01,4179
2025-08-02,3858
2025-08-03,3551
2025-08-04,6068
2025-08-05,5341
2025-08-06,4366
2025-08-07,4228
2025-08-08,4126
2025-08-09,3396
2025-08-10,3928
2025-08-11,4518
2025-08-12,4515
2025-08-13,4405
2025-08-14,4569
2025-08-15,3745
2025-08-16,3578
2025-08-17,3460
2025-08-18,3769
2025-08-19,3787
2025-08-20,5662
2025-08-21,4259
2025-08-22,3910
2025-08-23,4310
2025-08-24,4661
2025-08-25,4009
2025-08-26,3939
2025-08-27,3911
2025-08-28,3683
2025-08-29,3622
2025-08-30,3289
2025-08-31,3281
2025-09-01,3534
2025-09-02,3702
2025-09-03,3617
2025-09-04,3613
2025-09-05,6502
2025-09-06,5544
2025-09-07,4369
2025-09-08,4703
2025-09-09,5137
2025-09-10,5057
2025-09-11,4100
2025-09-12,3945
2025-09-13,3145
2025-09-14,3424
2025-09-15,4707
2025-09-16,4433
2025-09-17,4672
2025-09-18,5661
2025-09-19,5344
2025-09-20,4800
2025-09-21,4330
2025-09-22,4849
2025-09-23,4604
2025-09-24,4343
2025-09-25,4382
2025-09-26,4033
2025-09-27,3661
2025-09-28,3547
2025-09-29,3900
2025-09-30,3696
2025-10-01,3814
2025-10-02,5302
2025-10-03,4779
2025-10-04,3717
2025-10-05,3599
2025-10-06,4165
2025-10-07,4320
2025-10-08,4144
2025-10-09,4240
2025-10-10,4572
2025-10-11,4155
2025-10-12,3707
2025-10-13,5570
2025-10-14,4811
2025-10-15,4491
2025-10-16,3520
2025-10-17,3297
2025-10-18,2925
2025-10-19,3219
2025-10-20,3523
2025-10-21,3519
2025-10-22,4152
2025-10-23,4294
2025-10-24,3549
2025-10-25,3050
2025-10-26,3350
2025-10-27,4152
2025-10-28,4752
2025-10-29,4219
2025-10-30,4091
2025-10-31,4430
2025-11-01,3073
2025-11-02,3268
2025-11-03,4134
2025-11-04,4377
2025-11-05,4436
2025-11-06,5892
2025-11-07,11597
2025-11-08,6708
2025-11-09,4786
2025-11-10,4517
2025-11-11,4399
2025-11-12,4066
2025-11-13,3924
2025-11-14,3742
2025-11-15,3339
2025-11-16,3438
2025-11-17,3798
2025-11-18,3871
2025-11-19,3932
2025-11-20,3959
2025-11-21,3677
2025-11-22,3395
2025-11-23,3456
2025-11-24,3527
2025-11-25,3533
2025-11-26,3815
2025-11-27,3422
2025-11-28,3289
2025-11-29,2821
2025-11-30,3309
2025-12-01,4239
2025-12-02,3605
2025-12-03,3584
2025-12-04,3502
2025-12-05,3359
2025-12-06,3248
2025-12-07,3264
2025-12-08,3750
2025-12-09,3571
2025-12-10,3443
2025-12-11,4319
2025-12-12,8622
2025-12-13,6611
2025-12-14,8403
2025-12-15,8772
2025-12-16,9360
2025-12-17,9540
2025-12-18,8592
2025-12-19,9132
2025-12-20,9027
2025-12-21,9587
2025-12-22,8856
2025-12-23,9121
2025-12-24,8939
2025-12-25,9366
2025-12-26,9232
2025-12-27,10511
2025-12-28,10967
2025-12-29,9760
2025-12-30,9525
2025-12-31,7807
2026-01-01,8894
2026-01-02,9219
2026-01-03,7067
2026-01-04,5081
2026-01-05,5214
2026-01-06,4663
2026-01-07,4243
2026-01-08,4736
2026-01-09,5919
2026-01-10,5744
2026-01-11,5706
2026-01-12,6019
2026-01-13,6740
2026-01-14,7415
2026-01-15,5904
2026-01-16,5939
2026-01-17,6052
2026-01-18,5787
2026-01-19,6173
2026-01-20,6160
2026-01-21,5764
2026-01-22,3702
2026-01-23,4041
2026-01-24,4050
2026-01-25,4150
2026-01-26,3398
2026-01-27,4199
2026-01-28,4157
2026-01-29,10975
2026-01-30,7003
2026-01-31,4843
2026-02-01,4210
2026-02-02,4873
2026-02-03,5032
2026-02-04,4765
2026-02-05,5387
2026-02-06,4030
2026-02-07,3513
2026-02-08,3205
2026-02-09,3666
2026-02-10,3755
2026-02-11,3741
2026-02-12,3714
2026-02-13,3465
2026-02-14,2816
2026-02-15,2829
2026-02-16,3172
2026-02-17,3346
2026-02-18,3276
2026-02-19,3238
2026-02-20,3336
2026-02-21,3036
2026-02-22,2974
2026-02-23,3392
2026-02-24,3624
2026-02-25,3287
2026-02-26,3324
2026-02-27,3397
2026-02-28,2696
2026-03-01,2614
2026-03-02,3301
2026-03-03,3489
2026-03-04,3033
2026-03-05,3053
2026-03-06,2944
2026-03-07,3005
2026-03-08,2898
2026-03-09,3620
2026-03-10,4207
2026-03-11,3304
2026-03-12,3437
2026-03-13,3248
2026-03-14,2898
2026-03-15,2930
2026-03-16,3286
2026-03-17,3211
2026-03-18,3587
2026-03-19,4087
2026-03-20,3366
2026-03-21,2896
2026-03-22,3031
2026-03-23,3449
2026-03-24,3462
2026-03-25,4175
2026-03-26,3271
2026-03-27,3073
2026-03-28,2992
2026-03-29,3208
2026-03-30,3444
2026-03-31,3464
2026-04-01,3727
2026-04-02,3622
2026-04-03,3576
2026-04-04,2864
2026-04-05,2857
2026-04-06,3116
2026-04-07,3265
2026-04-08,3193
2026-04-09,3318
2026-04-10,3328
2026-04-11,3066
2026-04-12,3026
2026-04-13,3071
2026-04-14,3230
2026-04-15,3711
2026-04-16,3251
2026-04-17,3857
2026-04-18,3039
2026-04-19,3384
2026-04-20,3721
2026-04-21,4151
2026-04-22,4032
2026-04-23,4077
2026-04-24,3645
2026-04-25,3190
2026-04-26,3052
2026-04-27,3391
2026-04-28,3639
2026-04-29,3418
2026-04-30,4942
2026-05-01,3530
2026-05-02,3470
2026-05-03,2924
2026-05-04,3449
2026-05-05,3189
2026-05-06,3295
2026-05-07,3206
2026-05-08,3167
2026-05-09,2843
2026-05-10,3137
2026-05-11,3705
2026-05-12,3504
2026-05-13,3513
2026-05-14,3655
2026-05-15,3843
2026-05-16,3308
2026-05-17,3272
2026-05-18,3618
2026-05-19,4312
2026-05-20,3484
2026-05-21,4312
2026-05-22,3904
2026-05-23,3289
2026-05-24,3274
2026-05-25,3282
2026-05-26,3816
2026-05-27,3626
2026-05-28,3766
2026-05-29,4218
2026-05-30,2942
2026-05-31,3207
2026-06-01,3457
2026-06-02,3646
2026-06-03,4151
2026-06-04,3877
2026-06-05,3854
2026-06-06,3240
2026-06-07,3344
2026-06-08,3814
2026-06-09,3675
2026-06-10,3588
2026-06-11,3787
2026-06-12,10175
2026-06-13,9967
2026-06-14,8005
2026-06-15,6673
2026-06-16,6273
2026-06-17,5749
2026-06-18,4972
2026-06-19,4199
2026-06-20,3607
2026-06-21,3443
2026-06-22,3840
2026-06-23,3817
2026-06-24,3616
2026-06-25,3455
2026-06-26,3237
2026-06-27,2774
2026-06-28,2838
2026-06-29,3371
2026-06-30,3081
2026-07-01,3520
2026-07-02,3195
2026-07-03,2976
2026-07-04,2851
2026-07-05,2792
2026-07-06,3073
2026-07-07,3086
2026-07-08,2992
2026-07-09,3435
2026-07-10,3448
2026-07-11,2781
2026-07-12,2512
2026-07-13,3183
2026-07-14,2896
2026-07-15,2773
2026-07-16,3112
2026-07-17,2645
2026-07-18,2584
2026-07-19,2516
2026-07-20,2520
2026-07-21,2821
2026-07-22,3115
2026-07-23,3836
2026-07-24,3658
2026-07-25,2774
2026-07-26,2985
2026-07-27,3571
2026-07-28,3343
2026-07-29,3144
2026-07-30,3005
2026-07-31,2896
2026-08-01,2840
2026-08-02,2812
2026-08-03,2933
2026-08-04,2931
2026-08-05,3474
2026-08-06,3003
2026-08-07,2786
2026-08-08,2491
2026-08-09,2645
2026-08-10,2654
2026-08-11,2799
2026-08-12,2684
2026-08-13,2730
2026-08-14,2786
2026-08-15,2468
2026-08-16,2554
2026-08-17,2824
2026-08-18,2688
2026-08-19,2632
2026-08-20,2598
2026-08-21,2590
2026-08-22,2447
2026-08-23,2473
2026-08-24,2666
2026-08-25,2774
2026-08-26,2757
2026-08-27,2466
2026-08-28,2415
2026-08-29,2503
2026-08-30,2352
2026-08-31,2476
2026-09-01,2523
2026-09-02,2867
2026-09-03,3004
2026-09-04,2988
2026-09-05,2754
2026-09-06,2573
2026-09-07,2927
2026-09-08,3044
